değişken,örneklem_boyutu,ana_kütle_ortalaması,ana_kütle_std,teorik_SE,örneklem_ortalamaları_std
sleep_hours,30,6.470400000000001,1.4958775762879395,0.2731086305996865,0.25930743759413477
sleep_hours,50,6.470400000000001,1.4958775762879395,0.21154903560361982,0.20373201812972652
sleep_hours,100,6.470400000000001,1.4958775762879395,0.14958775762879395,0.14983577578036464
